id,firstname,lastname,email,email2,profession
50,Madelle,Amasa,Madelle.Amasa@yopmail.com,Madelle.Amasa@gmail.com,police officer
51,Lucy,Ricki,Lucy.Ricki@yopmail.com,Lucy.Ricki@gmail.com,police officer
52,Marnia,Leifeste,Marnia.Leifeste@yopmail.com,Marnia.Leifeste@gmail.com,police officer
53,Natka,Kevon,Natka.Kevon@yopmail.com,Natka.Kevon@gmail.com,police officer
54,Tomasina,Thad,Tomasina.Thad@yopmail.com,Tomasina.Thad@gmail.com,firefighter
55,Philis,Harday,Philis.Harday@yopmail.com,Philis.Harday@gmail.com,doctor
56,Heddie,Elisha,Heddie.Elisha@yopmail.com,Heddie.Elisha@gmail.com,worker
57,Anestassia,Yorick,Anestassia.Yorick@yopmail.com,Anestassia.Yorick@gmail.com,firefighter
58,Darci,Douglass,Darci.Douglass@yopmail.com,Darci.Douglass@gmail.com,worker
59,Rivalee,Keelia,Rivalee.Keelia@yopmail.com,Rivalee.Keelia@gmail.com,firefighter
60,Elie,Kress,Elie.Kress@yopmail.com,Elie.Kress@gmail.com,doctor
61,Wendi,Naor,Wendi.Naor@yopmail.com,Wendi.Naor@gmail.com,firefighter
62,Oona,Land,Oona.Land@yopmail.com,Oona.Land@gmail.com,firefighter
63,Lucille,Guildroy,Lucille.Guildroy@yopmail.com,Lucille.Guildroy@gmail.com,doctor
64,Fidelia,Ingra,Fidelia.Ingra@yopmail.com,Fidelia.Ingra@gmail.com,doctor
65,Rori,Cookie,Rori.Cookie@yopmail.com,Rori.Cookie@gmail.com,doctor
66,Karlee,Idelia,Karlee.Idelia@yopmail.com,Karlee.Idelia@gmail.com,worker
67,Adore,Ehrman,Adore.Ehrman@yopmail.com,Adore.Ehrman@gmail.com,police officer
68,Mady,Selway,Mady.Selway@yopmail.com,Mady.Selway@gmail.com,firefighter
69,Daphne,Swanhildas,Daphne.Swanhildas@yopmail.com,Daphne.Swanhildas@gmail.com,worker
70,Dale,Hilbert,Dale.Hilbert@yopmail.com,Dale.Hilbert@gmail.com,police officer
71,Fanchon,McClimans,Fanchon.McClimans@yopmail.com,Fanchon.McClimans@gmail.com,doctor
72,Joane,Mandler,Joane.Mandler@yopmail.com,Joane.Mandler@gmail.com,firefighter
73,Ruthe,Nadia,Ruthe.Nadia@yopmail.com,Ruthe.Nadia@gmail.com,developer
74,Gabriellia,Janith,Gabriellia.Janith@yopmail.com,Gabriellia.Janith@gmail.com,police officer
75,Kathy,Bobbee,Kathy.Bobbee@yopmail.com,Kathy.Bobbee@gmail.com,worker
76,Mary,Yam,Mary.Yam@yopmail.com,Mary.Yam@gmail.com,firefighter
77,Stacey,Jagir,Stacey.Jagir@yopmail.com,Stacey.Jagir@gmail.com,worker
78,Ninnetta,Hertzfeld,Ninnetta.Hertzfeld@yopmail.com,Ninnetta.Hertzfeld@gmail.com,police officer
79,Giustina,Aloise,Giustina.Aloise@yopmail.com,Giustina.Aloise@gmail.com,police officer
80,Beatriz,Stefa,Beatriz.Stefa@yopmail.com,Beatriz.Stefa@gmail.com,police officer
81,Winifred,Israeli,Winifred.Israeli@yopmail.com,Winifred.Israeli@gmail.com,worker
82,Mahalia,Gregrory,Mahalia.Gregrory@yopmail.com,Mahalia.Gregrory@gmail.com,police officer
83,Hermione,Warthman,Hermione.Warthman@yopmail.com,Hermione.Warthman@gmail.com,developer
84,Nickie,Ailyn,Nickie.Ailyn@yopmail.com,Nickie.Ailyn@gmail.com,developer
85,Deloria,Saunderson,Deloria.Saunderson@yopmail.com,Deloria.Saunderson@gmail.com,firefighter
86,Rosaline,Joachim,Rosaline.Joachim@yopmail.com,Rosaline.Joachim@gmail.com,worker
87,Annabela,Carolin,Annabela.Carolin@yopmail.com,Annabela.Carolin@gmail.com,worker
88,Averyl,Dreda,Averyl.Dreda@yopmail.com,Averyl.Dreda@gmail.com,developer
89,Mahalia,Capello,Mahalia.Capello@yopmail.com,Mahalia.Capello@gmail.com,doctor
90,Shaylyn,Baudin,Shaylyn.Baudin@yopmail.com,Shaylyn.Baudin@gmail.com,worker
91,Lyssa,Gordon,Lyssa.Gordon@yopmail.com,Lyssa.Gordon@gmail.com,firefighter
92,Cassondra,Emanuel,Cassondra.Emanuel@yopmail.com,Cassondra.Emanuel@gmail.com,worker
93,Lelah,Allina,Lelah.Allina@yopmail.com,Lelah.Allina@gmail.com,firefighter
94,Genevra,Barney,Genevra.Barney@yopmail.com,Genevra.Barney@gmail.com,doctor
95,Hallie,Eachern,Hallie.Eachern@yopmail.com,Hallie.Eachern@gmail.com,firefighter
96,Helsa,Toni,Helsa.Toni@yopmail.com,Helsa.Toni@gmail.com,developer
97,Ketti,Alrich,Ketti.Alrich@yopmail.com,Ketti.Alrich@gmail.com,doctor
98,Fina,Lymann,Fina.Lymann@yopmail.com,Fina.Lymann@gmail.com,worker
99,Dawn,Teryn,Dawn.Teryn@yopmail.com,Dawn.Teryn@gmail.com,firefighter