id,firstname,lastname,email,email2,profession
100,Antonietta,Eachern,Antonietta.Eachern@yopmail.com,Antonietta.Eachern@gmail.com,developer
101,Micheline,Marisa,Micheline.Marisa@yopmail.com,Micheline.Marisa@gmail.com,doctor
102,Adriana,Anestassia,Adriana.Anestassia@yopmail.com,Adriana.Anestassia@gmail.com,police officer
103,Felice,Oneida,Felice.Oneida@yopmail.com,Felice.Oneida@gmail.com,developer
104,Sherrie,Merat,Sherrie.Merat@yopmail.com,Sherrie.Merat@gmail.com,doctor
105,Sabina,Brotherson,Sabina.Brotherson@yopmail.com,Sabina.Brotherson@gmail.com,developer
106,Lynnea,Stefa,Lynnea.Stefa@yopmail.com,Lynnea.Stefa@gmail.com,doctor
107,Ethel,Kare,Ethel.Kare@yopmail.com,Ethel.Kare@gmail.com,worker
108,Vita,Astra,Vita.Astra@yopmail.com,Vita.Astra@gmail.com,police officer
109,Tracey,Jess,Tracey.Jess@yopmail.com,Tracey.Jess@gmail.com,doctor
110,Rosene,Johnsson,Rosene.Johnsson@yopmail.com,Rosene.Johnsson@gmail.com,doctor
111,Brana,Aprile,Brana.Aprile@yopmail.com,Brana.Aprile@gmail.com,doctor
112,Claresta,Philoo,Claresta.Philoo@yopmail.com,Claresta.Philoo@gmail.com,police officer
113,Cindelyn,Silvan,Cindelyn.Silvan@yopmail.com,Cindelyn.Silvan@gmail.com,doctor
114,Hannis,Argus,Hannis.Argus@yopmail.com,Hannis.Argus@gmail.com,firefighter
115,Jordan,Weaks,Jordan.Weaks@yopmail.com,Jordan.Weaks@gmail.com,firefighter
116,Robbi,Deny,Robbi.Deny@yopmail.com,Robbi.Deny@gmail.com,firefighter
117,Bobbi,Ries,Bobbi.Ries@yopmail.com,Bobbi.Ries@gmail.com,developer
118,Tabbatha,Roxanna,Tabbatha.Roxanna@yopmail.com,Tabbatha.Roxanna@gmail.com,doctor
119,Marinna,Emanuel,Marinna.Emanuel@yopmail.com,Marinna.Emanuel@gmail.com,developer
120,Lindie,Erlandson,Lindie.Erlandson@yopmail.com,Lindie.Erlandson@gmail.com,firefighter
121,Audrie,Miru,Audrie.Miru@yopmail.com,Audrie.Miru@gmail.com,police officer
122,Sonni,Granoff,Sonni.Granoff@yopmail.com,Sonni.Granoff@gmail.com,worker
123,Allyce,Radu,Allyce.Radu@yopmail.com,Allyce.Radu@gmail.com,worker
124,Morganica,Kaete,Morganica.Kaete@yopmail.com,Morganica.Kaete@gmail.com,police officer
125,Dorene,Flita,Dorene.Flita@yopmail.com,Dorene.Flita@gmail.com,doctor
126,Sherrie,Lesley,Sherrie.Lesley@yopmail.com,Sherrie.Lesley@gmail.com,police officer
127,Shell,Shaver,Shell.Shaver@yopmail.com,Shell.Shaver@gmail.com,doctor
128,Nannie,Goode,Nannie.Goode@yopmail.com,Nannie.Goode@gmail.com,police officer
129,Renie,Richers,Renie.Richers@yopmail.com,Renie.Richers@gmail.com,firefighter
130,Jan,Mehalek,Jan.Mehalek@yopmail.com,Jan.Mehalek@gmail.com,doctor
131,Chere,Kendrick,Chere.Kendrick@yopmail.com,Chere.Kendrick@gmail.com,doctor
132,Nerta,Erb,Nerta.Erb@yopmail.com,Nerta.Erb@gmail.com,firefighter
133,Raquela,Saunderson,Raquela.Saunderson@yopmail.com,Raquela.Saunderson@gmail.com,developer
134,Gabriellia,Federica,Gabriellia.Federica@yopmail.com,Gabriellia.Federica@gmail.com,doctor
135,Adriana,Joseph,Adriana.Joseph@yopmail.com,Adriana.Joseph@gmail.com,police officer
136,Alyda,Bates,Alyda.Bates@yopmail.com,Alyda.Bates@gmail.com,firefighter
137,Vanessa,Santoro,Vanessa.Santoro@yopmail.com,Vanessa.Santoro@gmail.com,worker
138,Jenda,Esmaria,Jenda.Esmaria@yopmail.com,Jenda.Esmaria@gmail.com,developer
139,Emmey,Corilla,Emmey.Corilla@yopmail.com,Emmey.Corilla@gmail.com,developer
140,Netty,Ferino,Netty.Ferino@yopmail.com,Netty.Ferino@gmail.com,developer
141,Jere,Fennessy,Jere.Fennessy@yopmail.com,Jere.Fennessy@gmail.com,firefighter
142,Florie,Isidore,Florie.Isidore@yopmail.com,Florie.Isidore@gmail.com,doctor
143,Maisey,Irmine,Maisey.Irmine@yopmail.com,Maisey.Irmine@gmail.com,firefighter
144,Gilda,Milson,Gilda.Milson@yopmail.com,Gilda.Milson@gmail.com,police officer
145,Vivia,Markman,Vivia.Markman@yopmail.com,Vivia.Markman@gmail.com,police officer
146,Nonnah,Cynar,Nonnah.Cynar@yopmail.com,Nonnah.Cynar@gmail.com,developer
147,Almeta,Dichy,Almeta.Dichy@yopmail.com,Almeta.Dichy@gmail.com,worker
148,Kristan,Presber,Kristan.Presber@yopmail.com,Kristan.Presber@gmail.com,developer
149,Minda,Read,Minda.Read@yopmail.com,Minda.Read@gmail.com,worker