id,firstname,lastname,email,email2,profession
0,Marcelline,Bobbee,Marcelline.Bobbee@yopmail.com,Marcelline.Bobbee@gmail.com,developer
1,Korrie,Saree,Korrie.Saree@yopmail.com,Korrie.Saree@gmail.com,doctor
2,Glenda,Jacqui,Glenda.Jacqui@yopmail.com,Glenda.Jacqui@gmail.com,firefighter
3,Dorice,Montgomery,Dorice.Montgomery@yopmail.com,Dorice.Montgomery@gmail.com,developer
4,Deirdre,Rolf,Deirdre.Rolf@yopmail.com,Deirdre.Rolf@gmail.com,developer
5,Sheree,Tamar,Sheree.Tamar@yopmail.com,Sheree.Tamar@gmail.com,police officer
6,Augustine,Vivle,Augustine.Vivle@yopmail.com,Augustine.Vivle@gmail.com,police officer
7,Doralynne,Rurik,Doralynne.Rurik@yopmail.com,Doralynne.Rurik@gmail.com,developer
8,Belinda,Damarra,Belinda.Damarra@yopmail.com,Belinda.Damarra@gmail.com,developer
9,Kylynn,Bergman,Kylynn.Bergman@yopmail.com,Kylynn.Bergman@gmail.com,worker
10,Leia,Dex,Leia.Dex@yopmail.com,Leia.Dex@gmail.com,firefighter
11,Wynne,Arquit,Wynne.Arquit@yopmail.com,Wynne.Arquit@gmail.com,developer
12,Gisela,Afton,Gisela.Afton@yopmail.com,Gisela.Afton@gmail.com,firefighter
13,Consuela,Yusuk,Consuela.Yusuk@yopmail.com,Consuela.Yusuk@gmail.com,worker
14,Vevay,Buckler,Vevay.Buckler@yopmail.com,Vevay.Buckler@gmail.com,doctor
15,Oralee,Junie,Oralee.Junie@yopmail.com,Oralee.Junie@gmail.com,doctor
16,Shell,Merell,Shell.Merell@yopmail.com,Shell.Merell@gmail.com,firefighter
17,Dotty,Raseda,Dotty.Raseda@yopmail.com,Dotty.Raseda@gmail.com,worker
18,Molli,Bergman,Molli.Bergman@yopmail.com,Molli.Bergman@gmail.com,firefighter
19,Tera,Ciapas,Tera.Ciapas@yopmail.com,Tera.Ciapas@gmail.com,firefighter
20,Kirstin,Phi,Kirstin.Phi@yopmail.com,Kirstin.Phi@gmail.com,worker
21,Elena,Horan,Elena.Horan@yopmail.com,Elena.Horan@gmail.com,police officer
22,Arlina,Ehrman,Arlina.Ehrman@yopmail.com,Arlina.Ehrman@gmail.com,developer
23,Joceline,Dorcy,Joceline.Dorcy@yopmail.com,Joceline.Dorcy@gmail.com,developer
24,Ronna,Darbie,Ronna.Darbie@yopmail.com,Ronna.Darbie@gmail.com,developer
25,Beth,Mayeda,Beth.Mayeda@yopmail.com,Beth.Mayeda@gmail.com,police officer
26,Lesly,Aurelio,Lesly.Aurelio@yopmail.com,Lesly.Aurelio@gmail.com,doctor
27,Hettie,Lunsford,Hettie.Lunsford@yopmail.com,Hettie.Lunsford@gmail.com,developer
28,Benita,Heisel,Benita.Heisel@yopmail.com,Benita.Heisel@gmail.com,worker
29,Dorothy,Brackely,Dorothy.Brackely@yopmail.com,Dorothy.Brackely@gmail.com,police officer
30,Asia,Pitt,Asia.Pitt@yopmail.com,Asia.Pitt@gmail.com,worker
31,Benita,Riva,Benita.Riva@yopmail.com,Benita.Riva@gmail.com,worker
32,Meriel,Rossner,Meriel.Rossner@yopmail.com,Meriel.Rossner@gmail.com,firefighter
33,Maryellen,Riordan,Maryellen.Riordan@yopmail.com,Maryellen.Riordan@gmail.com,doctor
34,Linet,Monk,Linet.Monk@yopmail.com,Linet.Monk@gmail.com,firefighter
35,Candy,Azeria,Candy.Azeria@yopmail.com,Candy.Azeria@gmail.com,firefighter
36,Jessamyn,Daegal,Jessamyn.Daegal@yopmail.com,Jessamyn.Daegal@gmail.com,worker
37,Ida,August,Ida.August@yopmail.com,Ida.August@gmail.com,firefighter
38,Lanna,Japeth,Lanna.Japeth@yopmail.com,Lanna.Japeth@gmail.com,worker
39,Janenna,Esmaria,Janenna.Esmaria@yopmail.com,Janenna.Esmaria@gmail.com,firefighter
40,Ida,Thema,Ida.Thema@yopmail.com,Ida.Thema@gmail.com,worker
41,Georgetta,Oneida,Georgetta.Oneida@yopmail.com,Georgetta.Oneida@gmail.com,worker
42,Janis,Mintz,Janis.Mintz@yopmail.com,Janis.Mintz@gmail.com,worker
43,Brena,Louanna,Brena.Louanna@yopmail.com,Brena.Louanna@gmail.com,doctor
44,Lexine,Cecile,Lexine.Cecile@yopmail.com,Lexine.Cecile@gmail.com,doctor
45,Adele,Keelia,Adele.Keelia@yopmail.com,Adele.Keelia@gmail.com,police officer
46,Drucie,Chandler,Drucie.Chandler@yopmail.com,Drucie.Chandler@gmail.com,developer
47,Sophia,Avi,Sophia.Avi@yopmail.com,Sophia.Avi@gmail.com,doctor
48,Maisey,Tufts,Maisey.Tufts@yopmail.com,Maisey.Tufts@gmail.com,worker
49,Ursulina,Cloris,Ursulina.Cloris@yopmail.com,Ursulina.Cloris@gmail.com,worker